Workbook
Name Slicer_Age_Group: #N/A
Name Slicer_Gender: #N/A

Sheet Dashboard

Sheet Patient Data
A1: Patient Initials | B1: Date of Birth | C1: Age | D1: Age Group | E1: Gender | F1: Diabetes | G1: Heart Disease | H1: High Risk Sexual Behavior | I1: Hx Violence | J1: History of Injury | K1: History of Malignancy | L1: Other | M1: Consents Up to Date | N1: Completed History | O1: Labc Completed | P1: Dx Test Ordered | Q1: Education Provided | R1: Treatment Plan Document | S1: Follow Up Appointments
A2: L.X. | B2: 21422 | C2: =DATEDIF(B2, TODAY(), "Y") -> 66 | D2: {=_xlfn.IFS(C2<30, "18–29", C2<40, "30–39", C2<50, "40–49", C2<60, "50–59", TRUE, "60+")} -> 60+ | E2: Female | F2: Yes | G2: Yes | H2: No | I2: No | J2: No | K2: Yes | M2: No | N2: Yes | O2: Yes | P2: No | Q2: No | R2: Yes | S2: Yes
A3: J.J. | B3: 35861 | C3: =DATEDIF(B3, TODAY(), "Y") -> 27 | D3: {=_xlfn.IFS(C3<30, "18–29", C3<40, "30–39", C3<50, "40–49", C3<60, "50–59", TRUE, "60+")} -> 18–29 | E3: Female | F3: No | G3: No | H3: Yes | I3: Yes | J3: Yes | K3: Yes | M3: No | N3: No | O3: Yes | P3: Yes | Q3: No | R3: Yes | S3: Yes
A4: M.G. | B4: 20575 | C4: =DATEDIF(B4, TODAY(), "Y") -> 69 | D4: {=_xlfn.IFS(C4<30, "18–29", C4<40, "30–39", C4<50, "40–49", C4<60, "50–59", TRUE, "60+")} -> 60+ | E4: Female | F4: Yes | G4: No | H4: No | I4: No | J4: Yes | K4: No | M4: Yes | N4: Yes | O4: No | P4: No | Q4: No | R4: Yes | S4: No
A5: T.N. | B5: 17334 | C5: =DATEDIF(B5, TODAY(), "Y") -> 78 | D5: {=_xlfn.IFS(C5<30, "18–29", C5<40, "30–39", C5<50, "40–49", C5<60, "50–59", TRUE, "60+")} -> 60+ | E5: Male | F5: No | G5: Yes | H5: Yes | I5: Yes | J5: No | K5: Yes | M5: Yes | N5: Yes | O5: Yes | P5: Yes | Q5: Yes | R5: No | S5: Yes
A6: A.S. | B6: 38545 | C6: =DATEDIF(B6, TODAY(), "Y") -> 20 | D6: {=_xlfn.IFS(C6<30, "18–29", C6<40, "30–39", C6<50, "40–49", C6<60, "50–59", TRUE, "60+")} -> 18–29 | E6: Female | F6: Yes | G6: No | H6: Yes | I6: Yes | J6: No | K6: Yes | M6: No | N6: Yes | O6: Yes | P6: Yes | Q6: No | R6: Yes | S6: No
A7: L.P. | B7: 29033 | C7: =DATEDIF(B7, TODAY(), "Y") -> 46 | D7: {=_xlfn.IFS(C7<30, "18–29", C7<40, "30–39", C7<50, "40–49", C7<60, "50–59", TRUE, "60+")} -> 40–49 | E7: Male | F7: Yes | G7: No | H7: Yes | I7: Yes | J7: Yes | K7: No | M7: No | N7: No | O7: No | P7: No | Q7: No | R7: Yes | S7: No
A8: G.X. | B8: 35720 | C8: =DATEDIF(B8, TODAY(), "Y") -> 27 | D8: {=_xlfn.IFS(C8<30, "18–29", C8<40, "30–39", C8<50, "40–49", C8<60, "50–59", TRUE, "60+")} -> 18–29 | E8: Female | F8: Yes | G8: Yes | H8: No | I8: No | J8: Yes | K8: No | M8: No | N8: No | O8: No | P8: Yes | Q8: Yes | R8: Yes | S8: Yes
A9: B.V. | B9: 33037 | C9: =DATEDIF(B9, TODAY(), "Y") -> 35 | D9: {=_xlfn.IFS(C9<30, "18–29", C9<40, "30–39", C9<50, "40–49", C9<60, "50–59", TRUE, "60+")} -> 30–39 | E9: Female | F9: No | G9: No | H9: Yes | I9: Yes | J9: Yes | K9: Yes | M9: Yes | N9: Yes | O9: Yes | P9: Yes | Q9: No | R9: Yes | S9: Yes
A10: Q.K. | B10: 36719 | C10: =DATEDIF(B10, TODAY(), "Y") -> 25 | D10: {=_xlfn.IFS(C10<30, "18–29", C10<40, "30–39", C10<50, "40–49", C10<60, "50–59", TRUE, "60+")} -> 18–29 | E10: Female | F10: Yes | G10: No | H10: Yes | I10: No | J10: No | K10: No | M10: No | N10: Yes | O10: Yes | P10: No | Q10: No | R10: Yes | S10: No
A11: E.O. | B11: 28983 | C11: =DATEDIF(B11, TODAY(), "Y") -> 46 | D11: {=_xlfn.IFS(C11<30, "18–29", C11<40, "30–39", C11<50, "40–49", C11<60, "50–59", TRUE, "60+")} -> 40–49 | E11: Male | F11: Yes | G11: No | H11: Yes | I11: Yes | J11: Yes | K11: Yes | M11: Yes | N11: Yes | O11: No | P11: No | Q11: No | R11: Yes | S11: No
A12: Q.J. | B12: 28897 | C12: =DATEDIF(B12, TODAY(), "Y") -> 46 | D12: {=_xlfn.IFS(C12<30, "18–29", C12<40, "30–39", C12<50, "40–49", C12<60, "50–59", TRUE, "60+")} -> 40–49 | E12: Female | F12: No | G12: No | H12: Yes | I12: Yes | J12: No | K12: Yes | M12: Yes | N12: Yes | O12: Yes | P12: Yes | Q12: Yes | R12: No | S12: Yes
A13: T.R. | B13: 29434 | C13: =DATEDIF(B13, TODAY(), "Y") -> 44 | D13: {=_xlfn.IFS(C13<30, "18–29", C13<40, "30–39", C13<50, "40–49", C13<60, "50–59", TRUE, "60+")} -> 40–49 | E13: Male | F13: No | G13: No | H13: Yes | I13: Yes | J13: No | K13: Yes | M13: No | N13: No | O13: No | P13: No | Q13: No | R13: No | S13: Yes
... A51: X.V. | B51: 36823 | C51: =DATEDIF(B51, TODAY(), "Y") -> 24 | D51: {=_xlfn.IFS(C51<30, "18–29", C51<40, "30–39", C51<50, "40–49", C51<60, "50–59", TRUE, "60+")} -> 18–29 | E51: Female | F51: No | G51: Yes | H51: Yes | I51: No | J51: No | K51: Yes | M51: No | N51: No | O51: No | P51: Yes | Q51: Yes | R51: No | S51: No

Sheet Follow-Up Appointments by Gende
A1: Follow Up Appointments | B1: Yes
A3: Count of Follow Up Appointments | B3: Column Labels
A4: Row Labels | B4: Female | C4: Male | D4: Grand Total
A5: 18–29 | B5: 2 | C5: 1 | D5: 3
A6: 30–39 | B6: 4 | C6: 3 | D6: 7
A7: 40–49 | B7: 2 | C7: 1 | D7: 3
A8: 60+ | B8: 6 | C8: 4 | D8: 10
A9: Grand Total | B9: 14 | C9: 9 | D9: 23

Sheet COUNTIF
A1: Condition | B1: Count
A2: Diabetes | B2: =COUNTIF('Patient Data'!F2:F51, "Yes") -> 26
A3: Heart Disease | B3: =COUNTIF('Patient Data'!G2:G51, "Yes") -> 20
A4: High Risk Sexual Behavior | B4: =COUNTIF('Patient Data'!H2:H51, "Yes") -> 25
A5: Hx Violence | B5: =COUNTIF('Patient Data'!I2:I51, "Yes") -> 31
A6: History of Injury | B6: =COUNTIF('Patient Data'!J2:J51, "Yes") -> 20
A7: History of Malignancy | B7: =COUNTIF('Patient Data'!K2:K51, "Yes") -> 30

Sheet Follow-Up vs. Age Group
A3: Count of Patient Initials | B3: Column Labels
A4: Row Labels | B4: No | C4: Yes | D4: Grand Total
A5: 18–29 | B5: 5 | C5: 3 | D5: 8
A6: 30–39 | B6: 3 | C6: 7 | D6: 10
A7: 40–49 | B7: 4 | C7: 3 | D7: 7
A8: 50–59 | B8: 4 | D8: 4
A9: 60+ | B9: 11 | C9: 10 | D9: 21
A10: Grand Total | B10: 27 | C10: 23 | D10: 50

Sheet Gender Distribution
A3: Row Labels | B3: Count of Patient Initials
A4: Female | B4: 27
A5: Male | B5: 23
A6: Grand Total | B6: 50

Sheet Age Group
A3: Row Labels | B3: Count of Patient Initials
A4: 18–29 | B4: 8
A5: 30–39 | B5: 10
A6: 40–49 | B6: 7
A7: 50–59 | B7: 4
A8: 60+ | B8: 21
A9: Grand Total | B9: 50

Sheet Follow Up vs. Treatment Plan
A3: Count of Patient Initials | B3: Column Labels
A4: Row Labels | B4: No | C4: Yes | D4: Grand Total
A5: No | B5: 13 | C5: 8 | D5: 21
A6: Yes | B6: 14 | C6: 15 | D6: 29
A7: Grand Total | B7: 27 | C7: 23 | D7: 50
