Workbook
Name Slicer_Form_Name: #N/A

Sheet Dashboard

Sheet KidsCare
A1: Patient Initial | B1: Date of Birth | C1: Age | D1: Attribute | E1: Value
A2: L.X. | B2: 40255 | C2: 15 | D2: Completed Consent | E2: Yes
A3: L.X. | B3: 40255 | C3: 15 | D3: Completed Health History | E3: Yes
A4: L.X. | B4: 40255 | C4: 15 | D4: Family Medical History Completed | E4: Yes
A5: L.X. | B5: 40255 | C5: 15 | D5: Physical Assessment Completed | E5: Yes
A6: L.X. | B6: 40255 | C6: 15 | D6: Updated Immunizations | E6: No
A7: L.X. | B7: 40255 | C7: 15 | D7: Completed Allergies | E7: Yes
A8: L.X. | B8: 40255 | C8: 15 | D8: Violence Assessment Completed | E8: Yes
A9: L.X. | B9: 40255 | C9: 15 | D9: Risky Sensual Behaviors | E9: No
A10: L.X. | B10: 40255 | C10: 15 | D10: Mental Health Screening Completed | E10: Yes
A11: L.X. | B11: 40255 | C11: 15 | D11: Labs Completed | E11: Yes
A12: L.X. | B12: 40255 | C12: 15 | D12: Education Provided | E12: Yes
A13: L.X. | B13: 40255 | C13: 15 | D13: Referrals Completed | E13: Yes
... A205: M.Z. | B205: 41522 | C205: 11 | D205: Referrals Completed | E205: No

Sheet Kid's Care Data
A1: Patient Initial | B1: Date of Birth | C1: Age | D1: Completed Consent | E1: Completed Health History | F1: Family Medical History Completed | G1: Physical Assessment Completed | H1: Updated Immunizations | I1: Completed Allergies | J1: Violence Assessment Completed | K1: Risky Sensual Behaviors | L1: Mental Health Screening Completed | M1: Labs Completed | N1: Education Provided | O1: Referrals Completed
A2: L.X. | B2: 40255 | C2: =DATEDIF(B2, TODAY(), "Y") -> 15 | D2: Yes | E2: Yes | F2: Yes | G2: Yes | H2: No | I2: Yes | J2: Yes | K2: No | L2: Yes | M2: Yes | N2: Yes | O2: Yes
A3: J.J. | B3: 41950 | C3: =DATEDIF(B3, TODAY(), "Y") -> 10 | D3: Yes | E3: Yes | F3: Yes | G3: Yes | H3: No | I3: Yes | J3: Yes | K3: N/A | L3: Yes | M3: N/A | N3: Yes | O3: N/A
A4: M.G. | B4: 39624 | C4: =DATEDIF(B4, TODAY(), "Y") -> 17 | D4: Yes | E4: Yes | F4: Yes | G4: Yes | H4: Yes | I4: Yes | J4: Yes | K4: N/A | L4: Yes | M4: Yes | N4: Yes | O4: N/A
A5: T.N. | B5: 41286 | C5: =DATEDIF(B5, TODAY(), "Y") -> 12 | D5: Yes | E5: Yes | F5: Yes | G5: Yes | H5: Yes | I5: No | J5: Yes | K5: No | L5: Yes | M5: Yes | N5: Yes | O5: N/A
A6: A.S. | B6: 39355 | C6: =DATEDIF(B6, TODAY(), "Y") -> 17 | D6: Yes | E6: Yes | F6: Yes | G6: Yes | H6: Yes | I6: Yes | J6: Yes | K6: N/A | L6: Yes | M6: Yes | N6: Yes | O6: N/A
A7: L.P. | B7: 42097 | C7: =DATEDIF(B7, TODAY(), "Y") -> 10 | D7: Yes | E7: Yes | F7: Yes | G7: Yes | H7: Yes | I7: Yes | J7: Yes | K7: No | L7: Yes | M7: Yes | N7: Yes | O7: N/A
A8: G.X. | B8: 40163 | C8: =DATEDIF(B8, TODAY(), "Y") -> 15 | D8: Yes | E8: Yes | F8: Yes | G8: Yes | H8: Yes | I8: Yes | J8: Yes | K8: No | L8: Yes | M8: Yes | N8: Yes | O8: N/A
A9: B.V. | B9: 40745 | C9: =DATEDIF(B9, TODAY(), "Y") -> 14 | D9: Yes | E9: Yes | F9: Yes | G9: Yes | H9: Yes | I9: Yes | J9: Yes | K9: N/A | L9: Yes | M9: N/A | N9: Yes | O9: N/A
A10: Q.K. | B10: 41031 | C10: =DATEDIF(B10, TODAY(), "Y") -> 13 | D10: Yes | E10: Yes | F10: Yes | G10: Yes | H10: Yes | I10: Yes | J10: Yes | K10: N/A | L10: Yes | M10: Yes | N10: Yes | O10: N/A
A11: E.O. | B11: 39004 | C11: =DATEDIF(B11, TODAY(), "Y") -> 18 | D11: Yes | E11: Yes | F11: Yes | G11: Yes | H11: Yes | I11: Yes | J11: Yes | K11: N/A | L11: Yes | M11: Yes | N11: Yes | O11: Yes
A12: Q.J. | B12: 39505 | C12: =DATEDIF(B12, TODAY(), "Y") -> 17 | D12: Yes | E12: Yes | F12: Yes | G12: Yes | H12: No | I12: Yes | J12: Yes | K12: No | L12: Yes | M12: Yes | N12: Yes | O12: N/A
A13: T.R. | B13: 40399 | C13: =DATEDIF(B13, TODAY(), "Y") -> 14 | D13: Yes | E13: Yes | F13: Yes | G13: Yes | H13: Yes | I13: Yes | J13: Yes | K13: No | L13: Yes | M13: Yes | N13: Yes | O13: N/A
... A18: M.Z. | B18: 41522 | C18: =DATEDIF(B18, TODAY(), "Y") -> 11 | D18: Yes | E18: Yes | F18: Yes | G18: Yes | H18: Yes | I18: Yes | J18: Yes | K18: N/A | L18: Yes | M18: Yes | N18: Yes | O18: No

Sheet COUNTIF Data Sheet
A1: Form Name | B1: Yes Count | C1: No Count | D1: N/A Count
A2: Completed Consent | B2: =COUNTIF('Kid''s Care Data'!D2:D18, "Yes") -> 17 | C2: =COUNTIF('Kid''s Care Data'!D2:D18, "No") -> 0 | D2: =COUNTIF('Kid''s Care Data'!D2:D18, "N/A") -> 0
A3: Completed Health History | B3: =COUNTIF('Kid''s Care Data'!E2:E18, "Yes") -> 17 | C3: =COUNTIF('Kid''s Care Data'!E2:E18, "No") -> 0 | D3: =COUNTIF('Kid''s Care Data'!E2:E18, "N/A") -> 0
A4: Family Medical History Completed | B4: =COUNTIF('Kid''s Care Data'!F2:F18, "Yes") -> 17 | C4: =COUNTIF('Kid''s Care Data'!F2:F18, "No") -> 0 | D4: =COUNTIF('Kid''s Care Data'!F2:F18, "N/A") -> 0
A5: Physical Assessment Completed | B5: =COUNTIF('Kid''s Care Data'!G2:G18, "Yes") -> 17 | C5: =COUNTIF('Kid''s Care Data'!G2:G18, "No") -> 0 | D5: =COUNTIF('Kid''s Care Data'!G2:G18, "N/A") -> 0
A6: Updated Immunizations | B6: =COUNTIF('Kid''s Care Data'!H2:H18, "Yes") -> 14 | C6: =COUNTIF('Kid''s Care Data'!H2:H18, "No") -> 3 | D6: =COUNTIF('Kid''s Care Data'!H2:H18, "N/A") -> 0
A7: Completed Allergies | B7: =COUNTIF('Kid''s Care Data'!I2:I18, "Yes") -> 16 | C7: =COUNTIF('Kid''s Care Data'!I2:I18, "No") -> 1 | D7: =COUNTIF('Kid''s Care Data'!I2:I18, "N/A") -> 0
A8: Violence Assessment Completed | B8: =COUNTIF('Kid''s Care Data'!J2:J18, "Yes") -> 17 | C8: =COUNTIF('Kid''s Care Data'!J2:J18, "No") -> 0 | D8: =COUNTIF('Kid''s Care Data'!J2:J18, "N/A") -> 0
A9: Risky Sensual Behaviors | B9: =COUNTIF('Kid''s Care Data'!K2:K18, "Yes") -> 0 | C9: =COUNTIF('Kid''s Care Data'!K2:K18, "No") -> 9 | D9: =COUNTIF('Kid''s Care Data'!K2:K18, "N/A") -> 8
A10: Mental Health Screening Completed | B10: =COUNTIF('Kid''s Care Data'!L2:L18, "Yes") -> 17 | C10: =COUNTIF('Kid''s Care Data'!L2:L18, "No") -> 0 | D10: =COUNTIF('Kid''s Care Data'!L2:L18, "N/A") -> 0
A11: Labs Completed | B11: =COUNTIF('Kid''s Care Data'!M2:M18, "Yes") -> 14 | C11: =COUNTIF('Kid''s Care Data'!M2:M18, "No") -> 0 | D11: =COUNTIF('Kid''s Care Data'!M2:M18, "N/A") -> 3
A12: Education Provided | B12: =COUNTIF('Kid''s Care Data'!N2:N18, "Yes") -> 17 | C12: =COUNTIF('Kid''s Care Data'!N2:N18, "No") -> 0 | D12: =COUNTIF('Kid''s Care Data'!N2:N18, "N/A") -> 0
A13: Referrals Completed | B13: =COUNTIF('Kid''s Care Data'!O2:O18, "Yes") -> 3 | C13: =COUNTIF('Kid''s Care Data'!O2:O18, "No") -> 2 | D13: =COUNTIF('Kid''s Care Data'!O2:O18, "N/A") -> 12

Sheet Trends In Form Completion
A3: Row Labels | B3: Sum of Yes Count
A4: Completed Allergies | B4: 16
A5: Completed Consent | B5: 17
A6: Completed Health History | B6: 17
A7: Education Provided | B7: 17
A8: Family Medical History Completed | B8: 17
A9: Labs Completed | B9: 14
A10: Mental Health Screening Completed | B10: 17
A11: Physical Assessment Completed | B11: 17
A12: Referrals Completed | B12: 3
A13: Risky Sensual Behaviors | B13: 0
A14: Updated Immunizations | B14: 14
A15: Violence Assessment Completed | B15: 17
A16: Grand Total | B16: 166

Sheet Referral Completion Overview
A3: Row Labels | B3: Yes | C3: N/A | D3: No
A4: Completed Allergies | B4: 16 | C4: 0 | D4: 1
A5: Completed Consent | B5: 17 | C5: 0 | D5: 0
A6: Completed Health History | B6: 17 | C6: 0 | D6: 0
A7: Education Provided | B7: 17 | C7: 0 | D7: 0
A8: Family Medical History Completed | B8: 17 | C8: 0 | D8: 0
A9: Labs Completed | B9: 14 | C9: 3 | D9: 0
A10: Mental Health Screening Completed | B10: 17 | C10: 0 | D10: 0
A11: Physical Assessment Completed | B11: 17 | C11: 0 | D11: 0
A12: Referrals Completed | B12: 3 | C12: 12 | D12: 2
A13: Risky Sensual Behaviors | B13: 0 | C13: 8 | D13: 9
A14: Updated Immunizations | B14: 14 | C14: 0 | D14: 3
A15: Violence Assessment Completed | B15: 17 | C15: 0 | D15: 0
A16: Grand Total | B16: 166 | C16: 23 | D16: 15

Sheet Response Distribution Per Form
A3: Row Labels | B3: Yes | C3: N/A | D3: No
A4: Completed Allergies | B4: 16 | C4: 0 | D4: 1
A5: Completed Consent | B5: 17 | C5: 0 | D5: 0
A6: Completed Health History | B6: 17 | C6: 0 | D6: 0
A7: Education Provided | B7: 17 | C7: 0 | D7: 0
A8: Family Medical History Completed | B8: 17 | C8: 0 | D8: 0
A9: Labs Completed | B9: 14 | C9: 3 | D9: 0
A10: Mental Health Screening Completed | B10: 17 | C10: 0 | D10: 0
A11: Physical Assessment Completed | B11: 17 | C11: 0 | D11: 0
A12: Referrals Completed | B12: 3 | C12: 12 | D12: 2
A13: Risky Sensual Behaviors | B13: 0 | C13: 8 | D13: 9
A14: Updated Immunizations | B14: 14 | C14: 0 | D14: 3
A15: Violence Assessment Completed | B15: 17 | C15: 0 | D15: 0
A16: Grand Total | B16: 166 | C16: 23 | D16: 15

Sheet Form Completion Summary
A3: Row Labels | B3: Sum of Yes Count
A4: Completed Allergies | B4: 16
A5: Completed Consent | B5: 17
A6: Completed Health History | B6: 17
A7: Education Provided | B7: 17
A8: Family Medical History Completed | B8: 17
A9: Labs Completed | B9: 14
A10: Mental Health Screening Completed | B10: 17
A11: Physical Assessment Completed | B11: 17
A12: Referrals Completed | B12: 3
A13: Risky Sensual Behaviors | B13: 0
A14: Updated Immunizations | B14: 14
A15: Violence Assessment Completed | B15: 17
A16: Grand Total | B16: 166

Sheet Immunization Status Distributio
A3: Row Labels | B3: Count of Updated Immunizations
A4: No | B4: 3
A5: Yes | B5: 14
A6: Grand Total | B6: 17
